<?xml version="1.0" encoding="UTF-8"?>
<metadata xml:lang="en"><Esri><CreaDate>20190130</CreaDate><CreaTime>13560600</CreaTime><ArcGISFormat>1.0</ArcGISFormat><ArcGISstyle>FGDC CSDGM Metadata</ArcGISstyle><SyncOnce>TRUE</SyncOnce><DataProperties><lineage><Process ToolSource="c:\program files (x86)\arcgis\desktop10.3\ArcToolbox\Toolboxes\Data Management Tools.tbx\CreateFeatureclass" Date="20190130" Time="135606">CreateFeatureclass C:\Users\glopesqu\Documents\git\KnickpointFinder\Example\Output DEM_UTM_subtif_knickpoints_ac100000_eq10 POINT # DISABLED DISABLED "PROJCS['NAD_1983_UTM_Zone_11N',GEOGCS['GCS_North_American_1983',DATUM['D_North_American_1983',SPHEROID['GRS_1980',6378137.0,298.257222101]],PRIMEM['Greenwich',0.0],UNIT['Degree',0.0174532925199433]],PROJECTION['Transverse_Mercator'],PARAMETER['false_easting',500000.0],PARAMETER['false_northing',0.0],PARAMETER['central_meridian',-117.0],PARAMETER['scale_factor',0.9996],PARAMETER['latitude_of_origin',0.0],UNIT['Meter',1.0]];-5120900 -9998100 450445547.391054;-100000 10000;-100000 10000;0.001;0.001;0.001;IsHighPrecision" # 0 0 0</Process><Process ToolSource="c:\program files (x86)\arcgis\desktop10.3\ArcToolbox\Toolboxes\Data Management Tools.tbx\AddField" Date="20190130" Time="135606">AddField C:\Users\glopesqu\Documents\git\KnickpointFinder\Example\Output\DEM_UTM_subtif_knickpoints_ac100000_eq10.shp RDEt DOUBLE # # # # NULLABLE NON_REQUIRED #</Process><Process ToolSource="c:\program files (x86)\arcgis\desktop10.3\ArcToolbox\Toolboxes\Data Management Tools.tbx\AddField" Date="20190130" Time="135606">AddField C:\Users\glopesqu\Documents\git\KnickpointFinder\Example\Output\DEM_UTM_subtif_knickpoints_ac100000_eq10.shp RDEs DOUBLE # # # # NULLABLE NON_REQUIRED #</Process><Process ToolSource="c:\program files (x86)\arcgis\desktop10.3\ArcToolbox\Toolboxes\Data Management Tools.tbx\AddField" Date="20190130" Time="135606">AddField C:\Users\glopesqu\Documents\git\KnickpointFinder\Example\Output\DEM_UTM_subtif_knickpoints_ac100000_eq10.shp RDEsRDEt DOUBLE # # # # NULLABLE NON_REQUIRED #</Process><Process ToolSource="c:\program files (x86)\arcgis\desktop10.3\ArcToolbox\Toolboxes\Data Management Tools.tbx\AddField" Date="20190130" Time="135606">AddField C:\Users\glopesqu\Documents\git\KnickpointFinder\Example\Output\DEM_UTM_subtif_knickpoints_ac100000_eq10.shp OrdemAnom SHORT # # # # NULLABLE NON_REQUIRED #</Process><Process ToolSource="C:\Users\glopesqu\Documents\git\KnickpointFinder\•Knickpoints.tbx\KnickpointFinder" Date="20190130" Time="135617">KnickpointFinder DEM_UTM_sub.tif 100000 20 C:\Users\glopesqu\Documents\git\KnickpointFinder\Example\Output DEM_UTM_subtif_knickpoints_ac100000_eq10 true DEM_UTM_subtif_drenagem_ac100000</Process></lineage></DataProperties></Esri></metadata>
